{
  "custom_music.introtheme1": {
    "sounds": [
        "custom_music/introtheme1"   
    ]
  },
  "custom_music.theme1": {
    "sounds": [
        "custom_music/theme1"   
    ]
  },
  "custom_music.introtheme2": {
    "sounds": [
        "custom_music/introtheme2"   
    ]
  },
  "custom_music.theme2": {
    "sounds": [
        "custom_music/theme2"   
    ]
  },
  "custom_music.theme3": {
    "sounds": [
        "custom_music/theme3"   
    ]
  },
  "custom_music.theme4": {
    "sounds": [
        "custom_music/prts"   
    ]
  }
}