{
	"format_version": "1.21.11",
	"credit": "Made with Blockbench",
	"parent": "minecraft:item/handheld",
	"textures": {
		"layer0": "item/32x/rhage"
	},
	"display": {
		"thirdperson_righthand": {
			"rotation": [0, 90, 55],
			"translation": [0, 10.25, 1.5],
			"scale": [1.8, 1.8, 0.75]
		},
		"thirdperson_lefthand": {
			"rotation": [0, -90, -55],
			"translation": [0, 10.25, 1.5],
			"scale": [1.8, 1.8, 0.75]
		},
		"firstperson_righthand": {
			"rotation": [55.5, 90, 0],
			"translation": [3.13, 4.2, -1.62],
			"scale": [1, 1, 0.58]
		},
		"firstperson_lefthand": {
			"rotation": [0, 90, -25],
			"translation": [1.13, 4.2, 0.13],
			"scale": [1.5, 1.5, 0.68]
		},
		"ground": {
			"translation": [0, 8, 0],
			"scale": [1.5, 1.5, 1]
		},
		"gui": {
			"translation": [-8, 8, 0],
			"scale": [2, 2, 2]
		}
	}
}