{
    "format_version": "1.21.11",
    "credit": "Made with Blockbench",
    "parent": "minecraft:item/handheld",
    "textures": {
        "layer0": "item/32x/aleph"
    },
    "display": {
        "thirdperson_righthand": {
            "rotation": [
                22,
                90,
                0
            ],
            "translation": [
                0,
                0.5,
                -1.75
            ]
        },
        "thirdperson_lefthand": {
            "rotation": [
                22,
                -90,
                0
            ],
            "translation": [
                0,
                0.5,
                -1.75
            ]
        },
        "firstperson_righthand": {
            "rotation": [
                -180,
                89.25,
                -161
            ],
            "translation": [
                3.63,
                2.45,
                -1.62
            ],
            "scale": [
                0.6,
                0.6,
                0.58
            ]
        },
        "firstperson_lefthand": {
            "rotation": [
                -180,
                -89.25,
                -161
            ],
            "translation": [
                3.63,
                2.45,
                -1.62
            ],
            "scale": [
                0.6,
                0.6,
                0.58
            ]
        },
        "ground": {
            "translation": [
                0,
                8,
                0
            ],
            "scale": [
                1.5,
                1.5,
                1
            ]
        },
        "gui": {
            "translation": [
                -8,
                8,
                0
            ],
            "scale": [
                2,
                2,
                2
            ]
        }
    }
}
