{
    "format_version": "1.21.11",
    "credit": "Made with Blockbench",
    "parent": "minecraft:item/handheld",
    "textures": {
        "layer0": "item/32x/cogwyn"
    },
    "display": {
        "thirdperson_righthand": {
            "rotation": [
                70.75,
                90,
                0
            ],
            "translation": [
                0,
                4.25,
                -1.25
            ],
            "scale": [
                1.5,
                1.5,
                0.75
            ]
        },
        "thirdperson_lefthand": {
            "rotation": [
                70.75,
                -90,
                0
            ],
            "translation": [
                0,
                4.25,
                -1.25
            ],
            "scale": [
                1.5,
                1.5,
                0.75
            ]
        },
        "firstperson_righthand": {
            "rotation": [
                -176.25,
                82,
                -163.25
            ],
            "translation": [
                4.88,
                1.7,
                -1.62
            ],
            "scale": [
                0.8,
                0.8,
                0.5
            ]
        },
        "firstperson_lefthand": {
            "rotation": [
                -176.25,
                -82,
                -163.25
            ],
            "translation": [
                4.88,
                1.7,
                -1.62
            ],
            "scale": [
                0.8,
                0.8,
                0.5
            ]
        },
        "ground": {
            "translation": [
                0,
                8,
                0
            ],
            "scale": [
                1.5,
                1.5,
                1
            ]
        },
        "gui": {
            "translation": [
                -8,
                8,
                0
            ],
            "scale": [
                2,
                2,
                2
            ]
        }
    }
}
