{
    "format_version": "1.21.11",
    "credit": "Made with Blockbench",
    "parent": "minecraft:item/handheld",
    "textures": {
        "layer0": "item/32x/excelsus"
    },
    "display": {
        "thirdperson_righthand": {
            "rotation": [
                0,
                90,
                55
            ],
            "translation": [
                0,
                7.75,
                3.5
            ],
            "scale": [
                1.5,
                1.5,
                0.75
            ]
        },
        "thirdperson_lefthand": {
            "rotation": [
                0,
                -90,
                -55
            ],
            "translation": [
                0,
                7.75,
                3.5
            ],
            "scale": [
                1.5,
                1.5,
                0.75
            ]
        },
        "firstperson_righthand": {
            "rotation": [
                -31.75,
                -90,
                0
            ],
            "translation": [
                4.88,
                2.95,
                -1.62
            ],
            "scale": [
                0.8,
                0.8,
                0.3
            ]
        },
        "firstperson_lefthand": {
            "rotation": [
                -31.75,
                90,
                0
            ],
            "translation": [
                4.88,
                2.95,
                -1.62
            ],
            "scale": [
                0.8,
                0.8,
                0.3
            ]
        },
        "ground": {
            "translation": [
                0,
                8,
                0
            ],
            "scale": [
                1.5,
                1.5,
                1
            ]
        },
        "gui": {
            "translation": [
                -8,
                8,
                0
            ],
            "scale": [
                2,
                2,
                2
            ]
        }
    }
}
