{
    "format_version": "1.21.11",
    "credit": "Made with Blockbench",
    "parent": "minecraft:item/handheld",
    "textures": {
        "layer0": "item/32x/fray"
    },
    "display": {
        "thirdperson_righthand": {
            "rotation": [
                -135.5,
                65,
                122.75
            ],
            "translation": [
                0.5,
                -0.75,
                0.5
            ],
            "scale": [
                1.8,
                1.8,
                0.75
            ]
        },
        "thirdperson_lefthand": {
            "rotation": [
                -135.5,
                -65,
                -122.75
            ],
            "translation": [
                0.5,
                -0.75,
                0.5
            ],
            "scale": [
                1.8,
                1.8,
                0.75
            ]
        },
        "firstperson_righthand": {
            "rotation": [
                -31.25,
                -90,
                0
            ],
            "translation": [
                3.13,
                3.7,
                -1.62
            ],
            "scale": [
                0.9,
                0.9,
                0.5
            ]
        },
        "firstperson_lefthand": {
            "rotation": [
                -31.25,
                90,
                0
            ],
            "translation": [
                3.13,
                3.7,
                -1.62
            ],
            "scale": [
                0.9,
                0.9,
                0.5
            ]
        },
        "ground": {
            "translation": [
                0,
                8,
                0
            ],
            "scale": [
                1.5,
                1.5,
                1
            ]
        },
        "gui": {
            "translation": [
                -8,
                8,
                0
            ],
            "scale": [
                2,
                2,
                2
            ]
        }
    }
}
