{
    "format_version": "1.21.11",
    "credit": "Made with Blockbench",
    "parent": "minecraft:item/handheld",
    "textures": {
        "layer0": "item/32x/frill"
    },
    "display": {
        "thirdperson_righthand": {
            "rotation": [
                -142.25,
                90,
                0
            ],
            "translation": [
                0,
                -4.75,
                1.5
            ],
            "scale": [
                1.8,
                1.8,
                0.75
            ]
        },
        "thirdperson_lefthand": {
            "rotation": [
                -142.25,
                -90,
                0
            ],
            "translation": [
                0,
                -4.75,
                1.5
            ],
            "scale": [
                1.8,
                1.8,
                0.75
            ]
        },
        "firstperson_righthand": {
            "rotation": [
                61,
                90,
                0
            ],
            "translation": [
                4.63,
                2.7,
                -1.62
            ],
            "scale": [
                0.8,
                0.8,
                0.4
            ]
        },
        "firstperson_lefthand": {
            "rotation": [
                61,
                -90,
                0
            ],
            "translation": [
                4.63,
                2.7,
                -1.62
            ],
            "scale": [
                0.8,
                0.8,
                0.4
            ]
        },
        "ground": {
            "translation": [
                0,
                8,
                0
            ],
            "scale": [
                1.5,
                1.5,
                1
            ]
        },
        "gui": {
            "translation": [
                -8,
                8,
                0
            ],
            "scale": [
                2,
                2,
                2
            ]
        }
    }
}
