{
    "format_version": "1.21.11",
    "credit": "Made with Blockbench",
    "parent": "minecraft:item/handheld",
    "textures": {
        "layer0": "item/32x/hex"
    },
    "display": {
        "thirdperson_righthand": {
            "rotation": [
                0,
                90,
                55
            ],
            "translation": [
                0,
                -12.5,
                0
            ],
            "scale": [
                1.8,
                1.8,
                0.75
            ]
        },
        "thirdperson_lefthand": {
            "rotation": [
                0,
                -90,
                -55
            ],
            "translation": [
                0,
                -12.5,
                0
            ],
            "scale": [
                1.8,
                1.8,
                0.75
            ]
        },
        "firstperson_righthand": {
            "rotation": [
                25.25,
                90,
                0
            ],
            "translation": [
                5.63,
                -3.05,
                -1.62
            ],
            "scale": [
                1,
                1,
                0.58
            ]
        },
        "firstperson_lefthand": {
            "rotation": [
                25.25,
                -90,
                0
            ],
            "translation": [
                5.63,
                -3.05,
                -1.62
            ],
            "scale": [
                1,
                1,
                0.58
            ]
        },
        "ground": {
            "translation": [
                0,
                8,
                0
            ],
            "scale": [
                1.5,
                1.5,
                1
            ]
        },
        "gui": {
            "translation": [
                -8,
                8,
                0
            ],
            "scale": [
                2,
                2,
                2
            ]
        }
    }
}
