{
    "format_version": "1.21.11",
    "credit": "Made with Blockbench",
    "parent": "minecraft:item/handheld",
    "textures": {
        "layer0": "item/32x/menace"
    },
    "display": {
        "thirdperson_righthand": {
            "rotation": [
                -22.5,
                71,
                77.5
            ],
            "translation": [
                0,
                -1.75,
                0.5
            ],
            "scale": [
                1.8,
                1.8,
                0.75
            ]
        },
        "thirdperson_lefthand": {
            "rotation": [
                -22.5,
                -71,
                -77.5
            ],
            "translation": [
                0,
                -1.75,
                0.5
            ],
            "scale": [
                1.8,
                1.8,
                0.75
            ]
        },
        "firstperson_righthand": {
            "rotation": [
                180,
                -84.5,
                -122.25
            ],
            "translation": [
                4.38,
                0.7,
                -1.62
            ],
            "scale": [
                1,
                1,
                0.5
            ]
        },
        "firstperson_lefthand": {
            "rotation": [
                180,
                84.5,
                -122.25
            ],
            "translation": [
                4.38,
                0.7,
                -1.62
            ],
            "scale": [
                1,
                1,
                0.5
            ]
        },
        "ground": {
            "translation": [
                0,
                8,
                0
            ],
            "scale": [
                1.5,
                1.5,
                1
            ]
        },
        "gui": {
            "translation": [
                -8,
                8,
                0
            ],
            "scale": [
                2,
                2,
                2
            ]
        }
    }
}
