{
    "format_version": "1.21.11",
    "credit": "Made with Blockbench",
    "parent": "minecraft:item/handheld",
    "textures": {
        "layer0": "item/32x/nemesis"
    },
    "display": {
        "thirdperson_righthand": {
            "rotation": [
                -9.44,
                74.86,
                63.99
            ],
            "translation": [
                -1,
                4.75,
                2.25
            ],
            "scale": [
                1.8,
                1.8,
                0.75
            ]
        },
        "thirdperson_lefthand": {
            "rotation": [
                -9.44,
                -74.86,
                -63.99
            ],
            "translation": [
                -1,
                4.75,
                2.25
            ],
            "scale": [
                1.8,
                1.8,
                0.75
            ]
        },
        "firstperson_righthand": {
            "rotation": [
                57.5,
                90,
                0
            ],
            "translation": [
                2.88,
                3.7,
                -1.62
            ],
            "scale": [
                0.9,
                0.9,
                0.58
            ]
        },
        "firstperson_lefthand": {
            "rotation": [
                57.5,
                -90,
                0
            ],
            "translation": [
                2.88,
                3.7,
                -1.62
            ],
            "scale": [
                0.9,
                0.9,
                0.58
            ]
        },
        "ground": {
            "translation": [
                0,
                8,
                0
            ],
            "scale": [
                1.5,
                1.5,
                1
            ]
        },
        "gui": {
            "translation": [
                -8,
                8,
                0
            ],
            "scale": [
                2,
                2,
                2
            ]
        }
    }
}
