{
    "format_version": "1.21.11",
    "credit": "Made with Blockbench",
    "parent": "minecraft:item/handheld",
    "textures": {
        "layer0": "item/32x/nereid"
    },
    "display": {
        "thirdperson_righthand": {
            "rotation": [
                -124,
                80.5,
                155.75
            ],
            "translation": [
                0,
                -2,
                -2
            ],
            "scale": [
                1.2,
                1.2,
                1.2
            ]
        },
        "thirdperson_lefthand": {
            "rotation": [
                -124,
                -80.5,
                -155.75
            ],
            "translation": [
                0,
                -2,
                -2
            ],
            "scale": [
                1.2,
                1.2,
                1.2
            ]
        },
        "firstperson_righthand": {
            "rotation": [
                -118.25,
                88.25,
                177.25
            ],
            "translation": [
                3.13,
                2.2,
                -1.62
            ],
            "scale": [
                1,
                1,
                0.58
            ]
        },
        "firstperson_lefthand": {
            "rotation": [
                -118.25,
                -88.25,
                177.25
            ],
            "translation": [
                3.13,
                2.2,
                -1.62
            ],
            "scale": [
                1,
                1,
                0.58
            ]
        },
        "ground": {
            "translation": [
                0,
                8,
                0
            ],
            "scale": [
                1.5,
                1.5,
                1
            ]
        },
        "gui": {
            "translation": [
                -8,
                8,
                0
            ],
            "scale": [
                2,
                2,
                2
            ]
        }
    }
}
