{
    "format_version": "1.21.11",
    "credit": "Made with Blockbench",
    "parent": "minecraft:item/handheld",
    "textures": {
        "layer0": "item/32x/scav"
    },
    "display": {
        "thirdperson_righthand": {
            "rotation": [
                26.75,
                90,
                0
            ],
            "translation": [
                -1.25,
                -2.25,
                0.5
            ],
            "scale": [
                1.4,
                1.4,
                0.75
            ]
        },
        "thirdperson_lefthand": {
            "rotation": [
                26.75,
                -90,
                0
            ],
            "translation": [
                -1.25,
                -2.25,
                0.5
            ],
            "scale": [
                1.4,
                1.4,
                0.75
            ]
        },
        "firstperson_righthand": {
            "rotation": [
                -8.5,
                -90,
                0
            ],
            "translation": [
                3.13,
                2.45,
                -1.62
            ],
            "scale": [
                0.7,
                0.7,
                0.58
            ]
        },
        "firstperson_lefthand": {
            "rotation": [
                -8.5,
                90,
                0
            ],
            "translation": [
                3.13,
                2.45,
                -1.62
            ],
            "scale": [
                0.7,
                0.7,
                0.58
            ]
        },
        "ground": {
            "translation": [
                0,
                8,
                0
            ],
            "scale": [
                1.5,
                1.5,
                1
            ]
        },
        "gui": {
            "translation": [
                -8,
                8,
                0
            ],
            "scale": [
                2,
                2,
                2
            ]
        }
    }
}
