{
    "format_version": "1.21.11",
    "credit": "Made with Blockbench",
    "parent": "minecraft:item/handheld",
    "textures": {
        "layer0": "item/32x/strife"
    },
    "display": {
        "thirdperson_righthand": {
            "rotation": [
                4.75,
                90,
                0
            ],
            "translation": [
                0,
                2,
                -2.75
            ],
            "scale": [
                1.3,
                1.3,
                0.75
            ]
        },
        "thirdperson_lefthand": {
            "rotation": [
                4.75,
                -90,
                0
            ],
            "translation": [
                0,
                2,
                -2.75
            ],
            "scale": [
                1.3,
                1.3,
                0.75
            ]
        },
        "firstperson_righthand": {
            "rotation": [
                19.25,
                90,
                0
            ],
            "translation": [
                4.88,
                1.45,
                -1.62
            ],
            "scale": [
                1,
                1,
                0.58
            ]
        },
        "firstperson_lefthand": {
            "rotation": [
                19.25,
                -90,
                0
            ],
            "translation": [
                4.88,
                1.45,
                -1.62
            ],
            "scale": [
                1,
                1,
                0.58
            ]
        },
        "ground": {
            "translation": [
                0,
                8,
                0
            ],
            "scale": [
                1.5,
                1.5,
                1
            ]
        },
        "gui": {
            "translation": [
                -8,
                8,
                0
            ],
            "scale": [
                2,
                2,
                2
            ]
        }
    }
}
