{
    "format_version": "1.21.11",
    "credit": "Made with Blockbench",
    "parent": "minecraft:item/handheld",
    "textures": {
        "layer0": "item/32x/taboo"
    },
    "display": {
        "thirdperson_righthand": {
            "rotation": [
                0,
                90,
                55
            ],
            "translation": [
                0,
                2.75,
                1.5
            ],
            "scale": [
                1.8,
                1.8,
                0.75
            ]
        },
        "thirdperson_lefthand": {
            "rotation": [
                0,
                -90,
                -55
            ],
            "translation": [
                0,
                2.75,
                1.5
            ],
            "scale": [
                1.8,
                1.8,
                0.75
            ]
        },
        "firstperson_righthand": {
            "rotation": [
                -74.25,
                86.75,
                137.75
            ],
            "translation": [
                4.13,
                1.95,
                -1.62
            ],
            "scale": [
                1,
                1,
                0.58
            ]
        },
        "firstperson_lefthand": {
            "rotation": [
                -74.25,
                -86.75,
                137.75
            ],
            "translation": [
                4.13,
                1.95,
                -1.62
            ],
            "scale": [
                1,
                1,
                0.58
            ]
        },
        "ground": {
            "translation": [
                0,
                8,
                0
            ],
            "scale": [
                1.5,
                1.5,
                1
            ]
        },
        "gui": {
            "translation": [
                -8,
                8,
                0
            ],
            "scale": [
                2,
                2,
                2
            ]
        }
    }
}
