{
  "model": {
    "type": "minecraft:select",
    "property": "minecraft:custom_model_data",
    "cases": [
      {
        "when": "popstar",
        "model": {
          "type": "minecraft:select",
          "property": "minecraft:display_context",
          "cases": [
            {
              "when": "gui",
              "model": {
                "type": "minecraft:model",
                "model": "minecraft:item/16x/popstar"
              }
            }
          ],
          "fallback": {
            "type": "minecraft:model",
            "model": "item/32x/popstar"
          }
        }
      }
    ],
    "fallback": {
		"type": "minecraft:model",
		"model": "minecraft:block/chorus_flower"
    }
  }
}
