{
  "model": {
    "type": "minecraft:select",
    "property": "minecraft:custom_model_data",
    "cases": [
      {
        "when": "corpus",
        "model": {
          "type": "minecraft:select",
          "property": "minecraft:display_context",
          "cases": [
            {
              "when": "gui",
              "model": {
                "type": "minecraft:model",
                "model": "minecraft:item/16x/corpus"
              }
            }
          ],
          "fallback": {
            "type": "minecraft:model",
            "model": "item/32x/corpus"
          }
        }
      }
    ],
    "fallback": {
    "type": "minecraft:special",
		"base": "minecraft:item/template_skull",
		"model": {
			"type": "minecraft:player_head"
		}
    }
  }
}
