{
  "model": {
    "type": "minecraft:select",
    "property": "minecraft:custom_model_data",
    "cases": [
      {
        "when": "nereid",
        "model": {
          "type": "minecraft:select",
          "property": "minecraft:display_context",
          "cases": [
            {
              "when": "gui",
              "model": {
                "type": "minecraft:model",
                "model": "minecraft:item/16x/nereid"
              }
            }
          ],
          "fallback": {
            "type": "minecraft:model",
            "model": "item/32x/nereid"
          }
        }
      }
    ],
    "fallback": {
      "type": "minecraft:model",
      "model": "minecraft:item/raiser_armor_trim_smithing_template"
    }
  }
}
