{
  "model": {
    "type": "minecraft:select",
    "property": "minecraft:custom_model_data",
    "cases": [
      {
        "when": "meatball",
        "model": {
          "type": "minecraft:select",
          "property": "minecraft:display_context",
          "cases": [
            {
              "when": "gui",
              "model": {
                "type": "minecraft:model",
                "model": "minecraft:item/16x/meatball"
              }
            }
          ],
          "fallback": {
            "type": "minecraft:model",
            "model": "item/32x/meatball"
          }
        }
      }
    ],
    "fallback": {
"type": "minecraft:select",
		"cases": [
			{
				"model": {
					"type": "minecraft:model",
					"model": "minecraft:item/trident"
				},
				"when": ["gui", "ground", "fixed"]
			}
		],
		"fallback": {
			"type": "minecraft:condition",
			"on_false": {
				"type": "minecraft:special",
				"base": "minecraft:item/trident_in_hand",
				"model": {
					"type": "minecraft:trident"
				}
			},
			"on_true": {
				"type": "minecraft:special",
				"base": "minecraft:item/trident_throwing",
				"model": {
					"type": "minecraft:trident"
				}
			},
			"property": "minecraft:using_item"
		},
		"property": "minecraft:display_context"
			}
    }
  }
